Tanggal,Segmen,Return_aktual,Prediksi_QR,Prediksi_Persamaan_Normal
2024-01-05,train,0.007377542254385397,0.0015178324676913793,0.0015178324676913806
2024-01-06,train,-0.01309624617547668,0.0014017604548132927,0.0014017604548132946
2024-01-07,train,0.003582858536279337,0.0026967816041010297,0.0026967816041010327
2024-01-08,train,0.0009517491415102273,-4.475723720416373e-05,-4.4757237204160263e-05
2024-01-09,train,0.00913072294374907,0.0022722361282636466,0.002272236128263649
2024-01-10,train,0.004406772555638586,0.003243314326696275,0.0032433143266962757
2024-01-11,train,0.0072544276852810645,0.0037883780780075915,0.0037883780780075915
2024-01-12,train,0.006704933591954173,0.0034940902503013994,0.0034940902503014003
2024-01-13,train,0.010928303040637901,0.003872411456010319,0.0038724114560103194
2024-01-14,train,0.0034240433376085118,0.004508220692202993,0.004508220692202992
2024-01-15,train,0.01322917200049082,0.003917727647393655,0.003917727647393655
2024-01-16,train,0.0017229970040638421,0.004359455151688583,0.004359455151688582
2024-01-17,train,0.0075121768274284,0.0040069994605070455,0.004006999460507046
2024-01-18,train,0.006852453533600342,0.003092760254724269,0.00309276025472427
2024-01-19,train,0.021097751162140417,0.003940612576237627,0.0039406125762376275
2024-01-20,train,0.003361545318372704,0.006283419707288259,0.006283419707288256
2024-01-21,train,0.009377678944322034,0.0055958376744646016,0.0055958376744646016
2024-01-22,train,0.003269251883018204,0.0036860302390014778,0.003686030239001478
2024-01-23,train,-0.00334090025233117,0.0036335632855809723,0.003633563285580973
2024-01-24,train,0.005784957477159627,-0.00036769566863100996,-0.0003676956686310089
2024-01-25,train,-0.00675766507784845,0.001954438585043706,0.001954438585043708
2024-01-26,train,-0.00458541840580404,0.0005873824904752558,0.0005873824904752573
2024-01-27,train,0.0016471487900071701,0.001181835914997668,0.0011818359149976688
2024-01-28,train,0.008424453235037523,0.0010354221533710939,0.0010354221533710969
2024-01-29,train,-0.04357001856561435,0.003237214952261654,0.0032372149522616545
2024-01-30,train,0.01670038860519632,0.013563863670131446,0.01356386367013145
2024-01-31,train,-0.0012393876273065086,-0.0028474026908715247,-0.0028474026908715203
2024-02-01,train,-0.006574859256337677,-0.0025998788928224166,-0.0025998788928224153
2024-02-02,train,0.012994224372996004,0.001292833067121469,0.0012928330671214698
2024-02-03,train,0.011836611318222383,0.002658461976729705,0.0026584619767297058
2024-02-04,train,0.0030796131618518172,0.005709069044287857,0.005709069044287855
2024-02-05,train,0.008143979584494934,0.004009278339930874,0.004009278339930874
2024-02-06,train,0.010190337067080162,0.0034268240428322813,0.003426824042832282
2024-02-07,train,0.0011634655713456778,0.004620164182398423,0.004620164182398422
2024-02-08,train,0.0012791287632468171,0.0034060065222812136,0.003406006522281214
2024-02-09,train,-0.007129704962959798,0.0019267999913922564,0.0019267999913922585
2024-02-10,train,0.005052329300814371,0.0012162332557538067,0.0012162332557538076
2024-02-11,train,0.007573922177770766,0.001199096921862457,0.0011990969218624594
2024-02-12,train,0.0051665990859299914,0.003656301601970151,0.003656301601970151
2024-02-13,train,0.001074262713285732,0.0036606420750518107,0.0036606420750518107
2024-02-14,train,-0.0030094692911567644,0.0025563435028506205,0.0025563435028506222
2024-02-15,train,-0.0032051678910101217,-0.00024610825041305675,-0.00024610825041305583
2024-02-16,train,0.004007807994321465,0.0002728435908110479,0.0002728435908110487
2024-02-17,train,0.0022817915333338376,0.0016710386128936535,0.0016710386128936557
2024-02-18,train,0.006043297661947493,0.0025717793475225274,0.002571779347522529
2024-02-19,train,0.0024504755903357947,0.002932689051212757,0.0029326890512127585
2024-02-20,train,0.0020799108934350242,0.0029388583688474876,0.002938858368847489
2024-02-21,train,-0.00931181718720839,0.002278394378248876,0.0022783943782488775
2024-02-22,train,-0.006288831841339304,0.0019146836135839496,0.0019146836135839514
2024-02-23,train,-0.005891715793839538,0.0020761730720279935,0.0020761730720279944
2024-02-24,train,0.01147616687289827,0.001601113560708862,0.0016011135607088625
2024-02-25,train,0.009679275931636894,0.0025105755622849106,0.002510575562284911
2024-02-26,train,0.003424493113041565,0.005085569370141671,0.005085569370141669
2024-02-27,train,0.0006115734401396472,0.0037103755846282244,0.003710375584628225
2024-02-28,train,-0.011823192027104903,0.002187373698360701,0.002187373698360703
2024-02-29,train,0.004418448739132144,0.002980960157773818,0.0029809601577738204
2024-03-01,train,-0.01014610816208545,0.000310511768989104,0.00031051176898910706
2024-03-02,train,-0.0024131953201532723,0.001958552491445566,0.001958552491445568
2024-03-03,train,0.0004062768892318818,0.0007710953473159686,0.000771095347315969
2024-03-04,train,-0.0005550787041306561,0.0011825497412454877,0.0011825497412454907
2024-03-05,train,0.0005802285781205078,-0.0010572635217507558,-0.0010572635217507554
2024-03-06,train,0.01246324689926204,0.0015210787522995073,0.00152107875229951
2024-03-07,train,0.007528996752643893,0.0037553185017261286,0.003755318501726128
2024-03-08,train,-0.004881572325239959,0.004879319773625057,0.004879319773625056
2024-03-09,train,-0.007325085842214593,-0.0002802273891118588,-0.0002802273891118574
2024-03-10,train,-0.009571937802642696,0.0019631384990796254,0.0019631384990796263
2024-03-11,train,0.0004602116796038529,0.0030411692988986175,0.003041169298898618
2024-03-12,train,-0.007466563418279398,2.9619983667166644e-06,2.9619983667205675e-06
2024-03-13,train,0.007921773604049021,0.001427552914685912,0.0014275529146859133
2024-03-14,train,0.02604451001435374,0.0016371370281907786,0.0016371370281907805
2024-03-15,train,0.0008876407702230452,0.007312603608497802,0.007312603608497797
2024-03-16,train,0.006468153226859037,0.0059914701844829815,0.005991470184482981
2024-03-17,train,-0.0001176589813307816,0.0027742985757475734,0.0027742985757475747
2024-03-18,train,-0.002414440259567409,-0.0018805422027310297,-0.0018805422027310293
2024-03-19,train,0.00098671125522407,-0.00032966033958017383,-0.0003296603395801732
2024-03-20,train,-0.00677974849042644,0.001282266448391206,0.0012822664483912085
2024-03-21,train,-0.0029063876442151533,0.001122226846658713,0.0011222268466587143
2024-03-22,train,0.0024562640813937694,0.0005791770780626747,0.0005791770780626752
2024-03-23,train,0.0028661289064869063,0.0014535551204275569,0.0014535551204275592
2024-03-24,train,-0.001532642521067336,0.002414705398298203,0.0024147053982982044
2024-03-25,train,-0.008404401126932243,-0.0009750837033379515,-0.0009750837033379507
2024-03-26,train,0.018625800726183778,0.0019843593003850643,0.001984359300385065
2024-03-27,train,0.012023958825907772,0.0033241169277684335,0.003324116927768433
2024-03-28,train,0.013821218041395992,0.006676573400866404,0.0066765734008664025
2024-03-29,train,0.004904400100192017,0.005889590076047089,0.005889590076047087
2024-03-30,train,-0.0011299679122347577,0.004653009994813464,0.004653009994813464
2024-03-31,train,-0.004546611501779206,-0.0013440168617571415,-0.0013440168617571407
2024-04-01,train,-0.009803233429259936,0.000549884418885094,0.0005498844188850947
2024-04-02,train,0.014801487912399465,0.0028194240647328207,0.0028194240647328225
2024-04-03,train,0.0032705337630846236,0.002433442328337177,0.002433442328337178
2024-04-04,train,0.014246296485090293,0.0045345313833013165,0.004534531383301317
2024-04-05,train,0.002101044638413497,0.004509062305911882,0.004509062305911882
2024-04-06,train,0.006879521923787079,0.004240998218999783,0.004240998218999783
2024-04-07,train,0.004895989581139849,0.0030466303285197056,0.0030466303285197065
2024-04-08,train,-0.007533474271980518,0.0034987348348905125,0.003498734834890513
2024-04-09,train,0.014804504207467796,0.0009645819648313077,0.0009645819648313087
2024-04-10,train,0.0013828292301929586,0.0028109069664982492,0.0028109069664982497
2024-04-11,train,-0.005530870906388282,0.0042100585034863264,0.004210058503486327
2024-04-12,train,0.005736813725923456,0.0006286633715718259,0.0006286633715718268
2024-04-13,train,0.002340283071180151,0.0015824558287600924,0.0015824558287600944
2024-04-14,train,0.005359162749394737,0.002868989746390019,0.0028689897463900203
2024-04-15,train,0.0037987329627896904,0.0028246271003366367,0.0028246271003366376
2024-04-16,train,-0.013416261124596297,0.003057348546423596,0.003057348546423597
2024-04-17,train,-0.003910278170976204,0.0032050896037216035,0.003205089603721605
2024-04-18,train,-0.006181819935505224,0.0016696983928290862,0.0016696983928290864
2024-04-19,train,0.00837726992230118,0.00144447605677179,0.0014444760567717911
2024-04-20,train,0.0032210484608986576,0.0019289130520035132,0.001928913052003515
2024-04-21,train,0.00705140248557946,0.003459124148398442,0.003459124148398443
2024-04-22,train,0.0009637712511957366,0.003262222293095849,0.00326222229309585
2024-04-23,train,0.006751006662970808,0.002850336751593339,0.0028503367515933407
2024-04-24,train,0.002047486885133526,0.002835635820297938,0.002835635820297939
2024-04-25,train,0.0008962545992012041,0.0029870139471228742,0.002987013947122875
2024-04-26,train,0.00334145000392749,0.002007699034644036,0.002007699034644038
2024-04-27,train,0.003149479314269933,0.002237458080137096,0.002237458080137098
2024-04-28,train,0.02276067074717274,0.002610490341720699,0.002610490341720701
2024-04-29,train,0.0006791083383821073,0.005954732646177204,0.0059547326461772
2024-04-30,train,-0.007760981888500421,0.005410214172993691,0.0054102141729936905
2024-05-01,train,0.0038186241886671384,0.0015096178951477146,0.001509617895147716
2024-05-02,train,-0.004153961459873254,0.0008818730536580659,0.0008818730536580687
2024-05-03,train,-0.017122579464743506,-0.00013501274830570175,-0.00013501274830570072
2024-05-04,train,-0.004154790993364144,0.005414030611362105,0.005414030611362108
2024-05-05,train,0.018791057577214162,0.0021647986943360287,0.0021647986943360287
2024-05-06,train,-0.001232714817324739,0.004058311243788167,0.004058311243788166
2024-05-07,train,-0.0156321157696647,-0.002831855877959,-0.0028318558779589988
2024-05-08,train,0.020785141529037383,0.004556125674804962,0.004556125674804965
2024-05-09,train,-0.003641131885023167,0.0024955265265904705,0.00249552652659047
2024-05-10,train,0.022293614833009897,-0.002182884631833207,-0.002182884631833205
2024-05-11,train,0.003763285567007949,0.004746591455784853,0.0047465914557848505
2024-05-12,train,0.018500194220858763,0.0058635989113914955,0.005863598911391495
2024-05-13,train,0.004539009812759439,0.005323215822725424,0.005323215822725423
2024-05-14,train,0.0079626359019927,0.005367157911860286,0.005367157911860285
2024-05-15,train,0.0028741536000139087,0.0036379713649744754,0.003637971364974476
2024-05-16,train,0.0011093167349910198,0.003330545739192627,0.003330545739192628
2024-05-17,train,0.0039222089183991345,0.0021816651967479536,0.0021816651967479558
2024-05-18,train,0.006363777643653092,0.0023728212462023734,0.002372821246202375
2024-05-19,train,0.004726850392060636,0.003260289400472614,0.0032602894004726147
2024-05-20,train,0.003743101426896613,0.0033839659104832522,0.003383965910483253
2024-05-21,train,-0.002863805093171662,0.0029427615004644766,0.002942761500464478
2024-05-22,train,-0.0011063851062993798,-0.0005916621957845638,-0.0005916621957845628
2024-05-23,train,0.01206215775978083,-0.0004995041831448012,-0.0004995041831448009
2024-05-24,train,-0.0016999028526008648,0.003406169101271015,0.003406169101271015
2024-05-25,train,0.0009957755619549834,-0.0019246048470921637,-0.0019246048470921624
2024-05-26,train,0.011108078756992525,0.001402492159344204,0.0014024921593442066
2024-05-27,train,0.008218381119470273,0.0035910334520500606,0.0035910334520500606
2024-05-28,train,0.012084558619541682,0.004772942652802906,0.004772942652802905
2024-05-29,train,-0.00354082606026052,0.004958615985763907,0.004958615985763905
2024-05-30,train,0.001567983428890995,-0.0012636385828752208,-0.0012636385828752195
2024-05-31,train,-0.0007992436024464295,0.0011952720359992002,0.0011952720359992028
2024-06-01,train,-0.002854564933105948,-0.0010968368676660537,-0.001096836867666053
2024-06-02,train,0.011668030038750974,-9.62061372452715e-05,-9.620613724527087e-05
2024-06-03,train,0.0022370724596216694,0.003047993664383112,0.0030479936643831125
2024-06-04,train,0.005593791503146327,0.003836235743270789,0.00383623574327079
2024-06-05,train,-0.010931366187587284,0.0028478786395688595,0.0028478786395688604
2024-06-06,train,0.01581870403893592,0.002112479201110321,0.0021124792011103233
2024-06-07,train,0.011271602222432961,0.0024212068082463314,0.0024212068082463314
2024-06-08,train,0.00540967008463085,0.006080870482042384,0.006080870482042381
2024-06-09,train,0.0013034566081280596,0.00431657171865066,0.00431657171865066
2024-06-10,train,0.007028181448138335,0.00263616738962369,0.002636167389623692
2024-06-11,train,0.012806665739265557,0.0029397647782688128,0.0029397647782688136
2024-06-12,train,0.01935614701497712,0.004885268965945828,0.004885268965945826
2024-06-13,train,0.014243992970480504,0.006972430503621924,0.006972430503621919
2024-06-14,train,0.007528625571508746,0.007180049401266691,0.007180049401266687
2024-06-15,train,0.01272305462778096,0.005174989450587794,0.005174989450587793
2024-06-16,train,0.011692336415996173,0.0049539852531701655,0.004953985253170165
2024-06-17,train,0.006258787191522442,0.005639197769185504,0.005639197769185502
2024-06-18,train,0.010240746527798725,0.004532622215746192,0.004532622215746191
2024-06-19,train,0.010532262331382143,0.00431576304181538,0.0043157630418153795
2024-06-20,train,0.004621777726825169,0.005027243671357925,0.005027243671357925
2024-06-21,train,-0.0004376401080687948,0.0040581494829835685,0.0040581494829835685
2024-06-22,train,0.004000510803674229,-0.0015624815484770835,-0.0015624815484770829
2024-06-23,train,-0.005653307199365137,0.0021293936093864066,0.0021293936093864083
2024-06-24,train,-0.009236422712085945,0.00038534409484456143,0.0003853440948445629
2024-06-25,train,0.004549708555677329,0.0027366827025244282,0.00273668270252443
2024-06-26,train,0.006583693335876145,0.0007627006816060139,0.0007627006816060169
2024-06-27,train,0.006035786364465573,0.003402359177779783,0.003402359177779783
2024-06-28,train,0.006978642966262467,0.0036458250564569096,0.0036458250564569096
2024-06-29,train,-0.012657691146063256,0.003717148079371866,0.003717148079371866
2024-06-30,train,0.0071756022464493805,0.002582538883885868,0.0025825388838858696
2024-07-01,train,0.013835438417171704,0.0006465760857023162,0.0006465760857023188
2024-07-02,train,0.012449497728153812,0.0050868577553499295,0.005086857755349929
2024-07-03,train,0.012505811065406498,0.005954282030035922,0.00595428203003592
2024-07-04,train,0.007734625303683713,0.005733809412722255,0.005733809412722253
2024-07-05,train,0.0068465572585664465,0.004921788076869053,0.004921788076869053
2024-07-06,train,0.0028054087616267414,0.003976540168049278,0.003976540168049278
2024-07-07,train,0.005953031914834794,0.0031333607538900493,0.00313336075389005
2024-07-08,train,-0.005199628394034139,0.00300410814723332,0.0030041081472333207
2024-07-09,train,0.01211382625368827,7.446254453262425e-06,7.4462544532635094e-06
2024-07-10,train,-0.0025695810034235076,0.0027352873997567575,0.0027352873997567584
2024-07-11,train,0.005920559853475896,-0.0016168666132216018,-0.0016168666132216007
2024-07-12,train,0.013354682563364173,0.0021058781136649215,0.0021058781136649232
2024-07-13,train,0.012164981629971375,0.004795665773967129,0.004795665773967128
2024-07-14,train,0.02449803431770225,0.0058254612641583095,0.005825461264158307
2024-07-15,train,-0.007186962400212725,0.00775105499080548,0.007751054990805474
2024-07-16,train,-0.003730202186336027,-0.0013127549670079103,-0.0013127549670079082
2024-07-17,train,0.010954830997324258,0.000920776106968383,0.0009207761069683836
2024-07-18,train,-0.006147659699491541,0.002779794808023251,0.0027797948080232524
2024-07-19,train,-0.006056612699993857,-0.00020014298114774784,-0.00020014298114774654
2024-07-20,train,0.005318018111422916,0.0016450367480320607,0.0016450367480320618
2024-07-21,train,-0.009078645130710765,0.0014230475118285832,0.0014230475118285851
2024-07-22,train,0.0018928124638626853,0.00147508360621984,0.001475083606219842
2024-07-23,train,0.004740142104581046,0.00033151089439714806,0.0003315108943971513
2024-07-24,train,0.003980479307564715,0.002643748183384097,0.0026437481833840983
2024-07-25,train,0.004802573855045909,0.002985834182962783,0.0029858341829627844
2024-07-26,train,-0.0025383640285243604,0.0030012007746821703,0.0030012007746821716
2024-07-27,train,0.0010954573547427668,-0.0008252822022708019,-0.000825282202270801
2024-07-28,train,-0.0016297248543406817,0.0012804070308791776,0.0012804070308791802
2024-07-29,train,-0.041954999335415764,-0.0007456635104042503,-0.0007456635104042495
2024-07-30,train,-0.004276478016052366,0.014085877744552755,0.01408587774455276
2024-07-31,train,-0.009476851869490219,0.004935451195464008,0.004935451195464008
2024-08-01,train,-0.0033688534633913333,0.002672140886617711,0.0026721408866177123
2024-08-02,train,-0.0017945986715007408,0.0010420026729708173,0.0010420026729708177
2024-08-03,train,0.008420228210553798,-0.00019602959342165,-0.0001960295934216495
2024-08-04,train,0.0028727668277315236,0.0026649067888629275,0.002664906788862929
2024-08-05,train,0.002275791898573971,0.0034063006615832505,0.0034063006615832514
2024-08-06,train,0.0030928879923365496,0.002382246970531439,0.0023822469705314406
2024-08-07,train,-0.0022543884523161532,0.002423771101992041,0.0024237711019920423
2024-08-08,train,-0.00758314894506695,-0.000739883167384645,-0.0007398831673846441
2024-08-09,train,0.007816100277818074,0.0017676525524725848,0.001767652552472586
2024-08-10,train,-0.00836135421276699,0.0015995833681019798,0.0015995833681019817
2024-08-11,train,-0.007206601879711147,0.0009422790805507073,0.000942279080550709
2024-08-12,train,0.0005313693127310549,0.002302547648626274,0.002302547648626275
2024-08-13,train,0.00833823340863981,0.0004080300712555275,0.00040803007125553097
2024-08-14,train,-0.000633569076567662,0.0030370712805186783,0.0030370712805186787
2024-08-15,train,-0.0064609076969311474,-0.0018999699978595173,-0.0018999699978595164
2024-08-16,train,-0.0005437041542862479,0.0011852438192877332,0.0011852438192877345
2024-08-17,train,0.0023814494367254972,-0.0003072905761497812,-0.0003072905761497811
2024-08-18,train,-0.0007013874578921352,0.0018330531456613461,0.0018330531456613485
2024-08-19,train,0.0076291516628155705,-0.0012214270609883578,-0.0012214270609883573
2024-08-20,train,0.012253643973476813,0.0027102733721412957,0.0027102733721412965
2024-08-21,train,0.0042774545226527795,0.0048898695035984735,0.004889869503598473
2024-08-22,train,0.01940258740637661,0.0042847480026670885,0.0042847480026670885
2024-08-23,train,0.007333575515393859,0.00556395492842892,0.005563954928428918
2024-08-24,train,0.013883669037483807,0.005998113503193419,0.005998113503193417
2024-08-25,train,0.008369057441885045,0.005121395867521996,0.005121395867521994
2024-08-26,train,0.007491581455823611,0.005259832209215904,0.005259832209215902
2024-08-27,train,-0.008506575853863574,0.004192944906346819,0.0041929449063468184
2024-08-28,train,-0.007761944453568943,0.0010302483696509085,0.00103024836965091
2024-08-29,train,-0.0005917560723536802,0.002518626745153782,0.0025186267451537832
2024-08-30,train,0.00841370850661339,-0.00014710948420842865,-0.00014710948420842854
2024-08-31,train,0.006325894697078181,0.0028635439026282548,0.0028635439026282556
2024-09-01,train,0.001647909434855366,0.003999683883131303,0.003999683883131303
2024-09-02,train,0.007497847392200304,0.0028476259752217487,0.00284762597522175
2024-09-03,train,0.012050305717817768,0.0030778233942438584,0.003077823394243859
2024-09-04,train,0.0053129517869225885,0.004833058159196562,0.004833058159196561
2024-09-05,train,0.0058178812421016985,0.004429242893006289,0.004429242893006289
2024-09-06,train,0.004218161057597325,0.003397276386451801,0.0033972763864518014
2024-09-07,train,0.0026817720646201745,0.003205734996011929,0.00320573499601193
2024-09-08,train,-0.003643301729930638,0.0026755710877619473,0.0026755710877619486
2024-09-09,train,-0.006853462322694657,-0.00019420717803542506,-0.00019420717803542408
2024-09-10,train,0.006137915993377899,0.0016572042477593504,0.001657204247759351
2024-09-11,train,0.01103139503892657,0.0014318602190539782,0.00143186021905398
2024-09-12,train,0.002582062970371405,0.004431802049258176,0.004431802049258174
2024-09-13,train,0.0007790879761889152,0.0037898990697914237,0.003789899069791424
2024-09-14,train,-0.012698523701919765,0.002076307035555289,0.0020763070355552912
2024-09-15,train,-0.013155998384644438,0.0032780149640037073,0.00327801496400371
2024-09-16,train,0.01449276084701596,0.004922828339868753,0.004922828339868755
2024-09-17,train,-0.0019480975709457741,0.0018234908348482813,0.0018234908348482835
2024-09-18,train,-0.024856327356039463,-0.0021020609802728644,-0.002102060980272863
2024-09-19,train,0.025917504601532033,0.007958872526614903,0.007958872526614907
2024-09-20,train,0.0010171237982857942,0.0018471865834444904,0.0018471865834444904
2024-09-21,train,-0.008141503479384181,0.0059926689119181534,0.005992668911918153
2024-09-22,train,-0.03804270790690022,0.0016096322428593853,0.0016096322428593868
2024-09-23,train,0.013577392891202017,0.013391024223495907,0.01339102422349591
2024-09-24,train,-0.0044172215727139455,-0.002467099212017366,-0.002467099212017361
2024-09-25,train,0.012677868488366818,-0.0011117311548312077,-0.0011117311548312061
2024-09-26,train,-0.002873793573895064,0.002962325436063793,0.0029623254360637936
2024-09-27,train,-0.0023026270881779196,-0.0015691718247210168,-0.0015691718247210153
2024-09-28,train,-0.003705680201623008,-6.730948157852076e-05,-6.73094815785201e-05
2024-09-29,train,0.0012788198639282467,0.00037559967177985663,0.0003755996717798574
2024-09-30,train,0.013966751490686135,0.0011181138932570443,0.0011181138932570471
2024-10-01,train,-0.0024094622875812806,0.004130168219690932,0.004130168219690931
2024-10-02,train,0.002643299689815204,-0.0018780357733389644,-0.0018780357733389629
2024-10-03,train,0.007019362982665787,0.0015682796529978976,0.0015682796529978996
2024-10-04,train,0.012701780985182773,0.0031607582142936033,0.003160758214293604
2024-10-05,train,-0.0009150820553047998,0.004865748243948451,0.004865748243948451
2024-10-06,train,-0.00797042310301762,-0.002277671845172317,-0.002277671845172316
2024-10-07,train,2.9735237444628867e-06,0.0017601505750384462,0.0017601505750384475
2024-10-08,train,-0.0005699236896958788,0.0001902152371007198,0.00019021523710072348
2024-10-09,train,-0.00889736713701441,-0.001007627781497736,-0.0010076277814977355
2024-10-10,train,0.006998975845052883,0.00205629855886229,0.0020562985588622918
2024-10-11,train,0.006812208415519404,0.0012406570676563413,0.0012406570676563435
2024-10-12,train,0.020183861102900238,0.003848455512303851,0.003848455512303851
2024-10-13,train,0.004770422798190073,0.006119407264302671,0.006119407264302669
2024-10-14,train,-0.0035471099334483747,0.005686607686924949,0.005686607686924947
2024-10-15,train,-0.007284705500392249,-0.00045822311240386313,-0.00045822311240386205
2024-10-16,train,0.004037011044717172,0.0018020516619866418,0.0018020516619866428
2024-10-17,train,-0.004343604779952651,0.0009985655612685517,0.0009985655612685545
2024-10-18,train,0.006016829010862333,-9.065032324187132e-05,-9.065032324187029e-05
2024-10-19,train,-0.0026538510117202142,0.0018278339418006473,0.0018278339418006497
2024-10-20,train,0.0009990552886609964,-0.0009169983470165038,-0.0009169983470165028
2024-10-21,train,0.00094086008475011,0.001244631883352618,0.0012446318833526208
2024-10-22,train,-0.005362849506549155,0.001841261973960259,0.0018412619739602613
2024-10-23,train,-0.011076634241747178,0.0006166441181037125,0.0006166441181037136
2024-10-24,train,0.01257481698548044,0.003367957699427695,0.003367957699427697
2024-10-25,train,0.006443444335098024,0.0018386371736546355,0.001838637173654637
2024-10-26,train,-0.0048823237271464785,0.004710967542100099,0.004710967542100099
2024-10-27,train,-0.008434758545691009,-0.00016075421956848399,-0.0001607542195684829
2024-10-28,train,0.017753310262842926,0.002363121333538008,0.0023631213335380094
2024-10-29,train,-0.0016053333435961286,0.003168873623578726,0.003168873623578725
2024-10-30,train,0.011482832608719807,-0.002583619799822426,-0.002583619799822425
2024-10-31,test,0.006202392351335376,0.003223574841805794,0.003223574841805794
2024-11-01,test,-0.009015202086913624,0.004488120786056742,0.004488120786056742
2024-11-02,test,-0.001994106540898848,0.0013551088029689121,0.0013551088029689134
2024-11-03,test,0.006549564048532438,0.000495882886204807,0.0004958828862048075
2024-11-04,test,-0.011261364090330477,0.0023097336928840887,0.00230973369288409
2024-11-05,test,-0.0025695082773088125,0.002126451288700876,0.0021264512887008776
2024-11-06,test,-0.004686893432128233,0.0009498909803145872,0.0009498909803145872
2024-11-07,test,0.004863522899934931,0.0007585118792982806,0.0007585118792982817
2024-11-08,test,0.005832281407577873,0.0015722780281930185,0.0015722780281930211
2024-11-09,test,0.007748541515864732,0.003325117480097098,0.003325117480097099
2024-11-10,test,0.00590276819802173,0.0038158916969202525,0.0038158916969202525
2024-11-11,test,0.007320857468612967,0.0038163752518914967,0.003816375251891497
2024-11-12,test,-0.006340475953512626,0.0037539705913111334,0.0037539705913111334
2024-11-13,test,0.0024695055980814883,0.0002683830333998447,0.0002683830333998458
2024-11-14,test,0.013092379509342071,0.0008855258499403367,0.0008855258499403395
2024-11-15,test,0.00527719951154265,0.004177383124266407,0.004177383124266406
2024-11-16,test,-0.0008287948600835947,0.004596148200677282,0.004596148200677282
2024-11-17,test,-0.005283029004556351,-0.001493489021878849,-0.0014934890218788483
2024-11-18,test,0.01152729969815226,0.000782200997507868,0.0007822009975078689
2024-11-19,test,-0.015448355349917198,0.002620464576731911,0.0026204645767319117
2024-11-20,test,0.023452909745685722,0.003088750512593566,0.003088750512593569
2024-11-21,test,-0.009676437967194217,0.0029853081711442163,0.0029853081711442167
2024-11-22,test,-0.0015595385315799084,-0.00030084258961880425,-0.00030084258961880165
2024-11-23,test,-0.008955597606543133,0.0004118836622522402,0.0004118836622522403
2024-11-24,test,0.005960796817800578,0.002185951135231845,0.002185951135231846
2024-11-25,test,0.007688244044171135,0.0010522610401378317,0.001052261040137834
2024-11-26,test,0.005393732344137547,0.0038268542330369237,0.0038268542330369237
2024-11-27,test,0.0024813725535038807,0.003718729481799109,0.003718729481799109
2024-11-28,test,-0.011185760922382692,0.0028363022063649947,0.002836302206364996
2024-11-29,test,-0.000892396129750897,0.0025459257876594326,0.002545925787659435
2024-11-30,test,-0.0015660900628791327,0.0003371967956105256,0.0003371967956105257
2024-12-01,test,-0.00931552902713123,-0.0005503137223917634,-0.0005503137223917627
2024-12-02,test,0.004428185559838176,0.002316381488220111,0.0023163814882201116
2024-12-03,test,0.003094524546315355,0.0007286427345188204,0.0007286427345188234
2024-12-04,test,0.00012604987496970003,0.0027815069912003054,0.0027815069912003063
2024-12-05,test,0.0017005321229128275,0.002048990589320355,0.002048990589320358
2024-12-06,test,-0.0008007149538028321,0.0018270592183596177,0.0018270592183596201
2024-12-07,test,-0.014490157109412724,-0.001110861538839858,-0.0011108615388398572
2024-12-08,test,0.007243561709086007,0.004097153182089572,0.004097153182089574
2024-12-09,test,-0.018655848059445774,0.00035395265728471563,0.00035395265728471867
2024-12-10,test,0.006413348509294519,0.00471504541428504,0.004715045414285042
2024-12-11,test,-0.009296878689143931,-0.0004807791226762825,-0.00048077912267627905
2024-12-12,test,0.004263559979637901,0.0014334538403332191,0.001433453840333221
2024-12-13,test,0.0047167550168323805,0.0007033992787225656,0.0007033992787225686
2024-12-14,test,0.006207204419680608,0.003033438827303823,0.003033438827303824
2024-12-15,test,0.01005758121345439,0.0033652874021104506,0.0033652874021104515
2024-12-16,test,0.014649135609433149,0.004275664104290901,0.004275664104290901
2024-12-17,test,0.002684410036761692,0.005705556547939248,0.005705556547939247
2024-12-18,test,0.009962834110382908,0.004408326904350383,0.0044083269043503825
2024-12-19,test,0.000588064462721689,0.0036743126094962567,0.0036743126094962567
2024-12-20,test,0.005156102646452887,0.0032691674897174466,0.003269167489717448
2024-12-21,test,0.010464403442197725,0.0024986737754946957,0.002498673775494697
2024-12-22,test,-0.0019820948245203992,0.004171140261523249,0.004171140261523248
2024-12-23,test,-0.01949147250865232,-0.0016474631328171649,-0.0016474631328171638
2024-12-24,test,-0.0023748474498249965,0.006029236347559338,0.006029236347559341
2024-12-25,test,0.00959085114415405,0.0017834717920070537,0.0017834717920070537
2024-12-26,test,-0.004586159508027666,0.0027700693496203878,0.002770069349620388
2024-12-27,test,0.008289491115712564,-0.0006130955084307354,-0.0006130955084307338
2024-12-28,test,-0.004170740739574102,0.002178797552473995,0.0021787975524739964
2024-12-29,test,-0.001935278643072884,-0.0006199030126432284,-0.0006199030126432272
2024-12-30,test,-0.0003200782312848044,-5.7278123141348914e-05,-5.7278123141348426e-05
2024-12-31,test,-0.07435529099762336,-0.0008848306256271747,-0.0008848306256271744
2025-01-01,test,0.011595730211522737,0.02561838222155716,0.025618382221557167
2025-01-02,test,0.0024491655474373195,-0.008838782383089053,-0.008838782383089043
2025-01-03,test,-0.0049066269376231535,0.0038607411443990366,0.003860741144399037
2025-01-04,test,0.009373892444111314,0.00028660801331799714,0.0002866080133179981
2025-01-05,test,-0.008620610979258442,0.0023122594432961182,0.002312259443296119
2025-01-06,test,0.012807157627897059,0.0008646511083984399,0.0008646511083984416
2025-01-07,test,0.00997819989599871,0.002286514073609713,0.0022865140736097137
2025-01-08,test,-0.003681292525867861,0.005358071425946168,0.005358071425946166
2025-01-09,test,7.178706530190736e-05,-0.0009817226042210523,-0.000981722604221051
2025-01-10,test,-0.00035177890790703045,0.0009143698307084369,0.0009143698307084399
2025-01-11,test,0.0003671201139022265,-0.0010937983851412242,-0.0010937983851412238
2025-01-12,test,0.008012355808494616,0.0015181540895075384,0.001518154089507541
2025-01-13,test,-0.014438233589454461,0.0029536931747804382,0.0029536931747804387
2025-01-14,test,0.01243286049577356,0.0031106951348944542,0.003110695134894457
2025-01-15,test,-0.04844346096695027,0.0012559285652291971,0.0012559285652291993
2025-01-16,test,0.027291840609849537,0.014879984025367292,0.0148799840253673
2025-01-17,test,0.0005052465869262049,-0.0018334000154671803,-0.0018334000154671768
2025-01-18,test,0.004446824159563786,0.006132787666002218,0.006132787666002216
2025-01-19,test,-0.005458147626415274,0.0023628156282587388,0.00236281562825874
2025-01-20,test,0.014696698285941395,0.00026600431359629143,0.0002660043135962925
2025-01-21,test,-0.0027388705079186837,0.003137003277451788,0.0031370032774517883
2025-01-22,test,0.004203964461824299,-0.001839478710945638,-0.0018394787109456364
2025-01-23,test,0.012274418757429328,0.0017822468528953892,0.001782246852895391
2025-01-24,test,0.010908981463149328,0.004324615339329887,0.004324615339329886
2025-01-25,test,0.008181018882494992,0.005429834706429194,0.005429834706429193
2025-01-26,test,0.005305011637157007,0.004733445980253377,0.004733445980253376
2025-01-27,test,-0.006594320539883402,0.0037852924773224654,0.003785292477322466
2025-01-28,test,0.014545405821489062,0.000581218815975429,0.0005812188159754301
2025-01-29,test,0.006518332439964032,0.002922270366445252,0.002922270366445252
2025-01-30,test,0.004680741317213578,0.005051121052376274,0.005051121052376274
2025-01-31,test,-0.0054258905229311516,0.003401695455309479,0.00340169545530948
2025-02-01,test,0.0008766460319767772,0.0002286936168292206,0.00022869361682922157
2025-02-02,test,0.0007672982550752194,0.0007631982705800587,0.0007631982705800618
2025-02-03,test,0.0161596781988102,0.001791053947884807,0.0017910539478848092
2025-02-04,test,0.0057082607622135325,0.004422737054099771,0.004422737054099769
2025-02-05,test,0.004896873697816478,0.005179751681967533,0.005179751681967532
2025-02-06,test,-0.0053642740930124715,0.0033043723578249067,0.0033043723578249076
2025-02-07,test,-0.005604312439422591,0.0001827554107322395,0.0001827554107322408
2025-02-08,test,0.005039061404715031,0.0013960161797878087,0.0013960161797878096
2025-02-09,test,-0.012094311807486373,0.0014501391003143948,0.0014501391003143974
2025-02-10,test,0.010342209141056827,0.0025924916740532686,0.0025924916740532717
