Kolom_1,Kolom_2,Kolom_3,Kolom_4,Kolom_5,Kolom_6
-13.96424004376894,-0.10352293499269435,-0.04474216252239685,0.0,-1.734723475976807e-18,0.0
0.0,-3.588910086317447e-05,-0.011523769338994957,-0.07161148740394328,0.0005957872755710423,-0.000174588806290808
0.0,0.0,0.0,1.0,-0.01309624617547668,0.007377542254385397
0.0,-0.003830572818969235,-0.016300298983374487,-0.07161148740394328,0.0005957872755710423,-0.000174588806290808
0.0,-0.006461682213738345,0.00037880572838153116,-0.07161148740394328,0.0005957872755710423,-0.000174588806290808
0.0,0.0017172915885004976,-0.0022523036663875786,-0.07161148740394328,0.0005957872755710423,-0.000174588806290808
0.0,-0.0030066587996099856,0.005926670135851264,-0.07161148740394328,0.0005957872755710423,-0.000174588806290808
0.0,-0.00015900366996750726,0.0012027197477407804,-0.07161148740394328,0.0005957872755710423,-0.000174588806290808
0.0,-0.0007084977632943988,0.004050374877383259,-0.07161148740394328,0.0005957872755710423,-0.000174588806290808
0.0,0.0035148716853893296,0.003500880784056367,-0.07161148740394328,0.0005957872755710423,-0.000174588806290808
0.0,-0.0039893880176400595,0.007724250232740096,-0.07161148740394328,0.0005957872755710423,-0.000174588806290808
0.0,0.005815740645242248,0.00021999052971070606,-0.07161148740394328,0.0005957872755710423,-0.000174588806290808
0.0,-0.00569043435118473,0.010025119192593013,-0.07161148740394328,0.0005957872755710423,-0.000174588806290808
0.0,9.874547217982813e-05,-0.0014810558038339636,-0.07161148740394328,0.0005957872755710423,-0.000174588806290808
0.0,-0.0005609778216482293,0.004308124019530594,-0.07161148740394328,0.0005957872755710423,-0.000174588806290808
0.0,0.013684319806891845,0.0036484007257025367,-0.07161148740394328,0.0005957872755710423,-0.000174588806290808
0.0,-0.004051886036875868,0.01789369835424261,-0.07161148740394328,0.0005957872755710423,-0.000174588806290808
0.0,0.0019642475890734624,0.00015749251047489842,-0.07161148740394328,0.0005957872755710423,-0.000174588806290808
0.0,-0.004144179472230367,0.0061736261364242285,-0.07161148740394328,0.0005957872755710423,-0.000174588806290808
0.0,0.0,0.0,1.0,-0.00334090025233117,0.003269251883018204
0.0,-0.0016284738780889445,-0.0065449530602289755,-0.07161148740394328,0.0005957872755710423,-0.000174588806290808
0.0,0.0,0.0,1.0,-0.00675766507784845,0.005784957477159627
0.0,0.0,0.0,1.0,-0.00458541840580404,-0.00675766507784845
0.0,-0.005766282565241402,-0.007789471213701845,-0.07161148740394328,0.0005957872755710423,-0.000174588806290808
0.0,0.0010110218797889509,-0.0015569040178906356,-0.07161148740394328,0.0005957872755710423,-0.000174588806290808
0.0,0.0,0.0,1.0,-0.04357001856561435,0.008424453235037523
0.0,0.009286957249947748,-0.04677407137351215,-0.07161148740394328,0.0005957872755710423,-0.000174588806290808
0.0,0.0,0.0,1.0,-0.0012393876273065086,0.01670038860519632
0.0,0.0,0.0,1.0,-0.006574859256337677,-0.0012393876273065086
0.0,0.0055807930177474326,-0.009778912064235482,-0.07161148740394328,0.0005957872755710423,-0.000174588806290808
0.0,0.004423179962973811,0.009790171565098198,-0.07161148740394328,0.0005957872755710423,-0.000174588806290808
0.0,-0.004333818193396755,0.008632558510324576,-0.07161148740394328,0.0005957872755710423,-0.000174588806290808
0.0,0.0007305482292463625,-0.00012443964604598847,-0.07161148740394328,0.0005957872755710423,-0.000174588806290808
0.0,0.00277690571183159,0.0049399267765971285,-0.07161148740394328,0.0005957872755710423,-0.000174588806290808
0.0,-0.006249965783902894,0.006986284259182356,-0.07161148740394328,0.0005957872755710423,-0.000174588806290808
0.0,-0.006134302592001754,-0.0020405872365521277,-0.07161148740394328,0.0005957872755710423,-0.000174588806290808
0.0,0.0,0.0,1.0,-0.007129704962959798,0.0012791287632468171
0.0,-0.0023611020544342005,-0.010333757770857602,-0.07161148740394328,0.0005957872755710423,-0.000174588806290808
0.0,0.00016049082252219456,0.0018482764929165655,-0.07161148740394328,0.0005957872755710423,-0.000174588806290808
0.0,-0.0022468322693185803,0.004369869369872961,-0.07161148740394328,0.0005957872755710423,-0.000174588806290808
0.0,-0.00633916864196284,0.0019625462780321857,-0.07161148740394328,0.0005957872755710423,-0.000174588806290808
0.0,0.0,0.0,1.0,-0.0030094692911567644,0.001074262713285732
0.0,0.0,0.0,1.0,-0.0032051678910101217,-0.0030094692911567644
0.0,-0.0034056233609271068,-0.006409220698907927,-0.07161148740394328,0.0005957872755710423,-0.000174588806290808
0.0,-0.0051316398219147345,0.0008037551864236592,-0.07161148740394328,0.0005957872755710423,-0.000174588806290808
0.0,-0.0013701336933010788,-0.0009222612745639681,-0.07161148740394328,0.0005957872755710423,-0.000174588806290808
0.0,-0.004962955764912777,0.002839244854049687,-0.07161148740394328,0.0005957872755710423,-0.000174588806290808
0.0,-0.005333520461813547,-0.000753577217562011,-0.07161148740394328,0.0005957872755710423,-0.000174588806290808
0.0,0.0,0.0,1.0,-0.00931181718720839,0.0020799108934350242
0.0,0.0,0.0,1.0,-0.006288831841339304,-0.00931181718720839
0.0,0.0,0.0,1.0,-0.005891715793839538,-0.006288831841339304
0.0,0.004062735517649699,-0.009095768601737345,-0.07161148740394328,0.0005957872755710423,-0.000174588806290808
0.0,0.002265844576388322,0.008272114065000464,-0.07161148740394328,0.0005957872755710423,-0.000174588806290808
0.0,-0.003988938242207007,0.006475223123739088,-0.07161148740394328,0.0005957872755710423,-0.000174588806290808
0.0,-0.006801857915108924,0.00022044030514375935,-0.07161148740394328,0.0005957872755710423,-0.000174588806290808
0.0,0.0,0.0,1.0,-0.011823192027104903,0.0006115734401396472
0.0,-0.002994982616116428,-0.015027244835002708,-0.07161148740394328,0.0005957872755710423,-0.000174588806290808
0.0,0.0,0.0,1.0,-0.01014610816208545,0.004418448739132144
0.0,0.0,0.0,1.0,-0.0024131953201532723,-0.01014610816208545
0.0,-0.00700715446601669,-0.0056172481280510785,-0.07161148740394328,0.0005957872755710423,-0.000174588806290808
0.0,0.0,0.0,1.0,-0.0005550787041306561,0.0004062768892318818
0.0,-0.006833202777128064,-0.003759131512028462,-0.07161148740394328,0.0005957872755710423,-0.000174588806290808
0.0,0.005049815544013469,-0.002623824229777298,-0.07161148740394328,0.0005957872755710423,-0.000174588806290808
0.0,0.00011556539739532128,0.009259194091364234,-0.07161148740394328,0.0005957872755710423,-0.000174588806290808
0.0,0.0,0.0,1.0,-0.004881572325239959,0.007528996752643893
0.0,0.0,0.0,1.0,-0.007325085842214593,-0.004881572325239959
0.0,0.0,0.0,1.0,-0.009571937802642696,-0.007325085842214593
0.0,-0.006953219675644719,-0.012775990610540501,-0.07161148740394328,0.0005957872755710423,-0.000174588806290808
0.0,0.0,0.0,1.0,-0.007466563418279398,0.0004602116796038529
0.0,0.0005083422488004492,-0.010670616226177203,-0.07161148740394328,0.0005957872755710423,-0.000174588806290808
0.0,0.01863107865910517,0.004717720796151215,-0.07161148740394328,0.0005957872755710423,-0.000174588806290808
0.0,-0.006525790585025526,0.022840457206455934,-0.07161148740394328,0.0005957872755710423,-0.000174588806290808
0.0,-0.000945278128389535,-0.0023164120376747603,-0.07161148740394328,0.0005957872755710423,-0.000174588806290808
0.0,0.0,0.0,1.0,-0.0001176589813307816,0.006468153226859037
0.0,0.0,0.0,1.0,-0.002414440259567409,-0.0001176589813307816
0.0,-0.006426720100024501,-0.005618493067465214,-0.07161148740394328,0.0005957872755710423,-0.000174588806290808
0.0,0.0,0.0,1.0,-0.00677974849042644,0.00098671125522407
0.0,0.0,0.0,1.0,-0.0029063876442151533,-0.00677974849042644
0.0,-0.004957167273854802,-0.006110440452112959,-0.07161148740394328,0.0005957872755710423,-0.000174588806290808
0.0,-0.0045473024487616654,-0.0007477887265040363,-0.07161148740394328,0.0005957872755710423,-0.000174588806290808
0.0,0.0,0.0,1.0,-0.001532642521067336,0.0028661289064869063
0.0,0.0,0.0,1.0,-0.008404401126932243,-0.001532642521067336
0.0,0.011212369370935206,-0.011608453934830048,-0.07161148740394328,0.0005957872755710423,-0.000174588806290808
0.0,0.0046105274706592005,0.015421747918285971,-0.07161148740394328,0.0005957872755710423,-0.000174588806290808
0.0,0.0064077866861474205,0.008819906018009967,-0.07161148740394328,0.0005957872755710423,-0.000174588806290808
0.0,-0.002509031255056555,0.010617165233498187,-0.07161148740394328,0.0005957872755710423,-0.000174588806290808
0.0,0.0,0.0,1.0,-0.0011299679122347577,0.004904400100192017
0.0,0.0,0.0,1.0,-0.004546611501779206,-0.0011299679122347577
0.0,0.0,0.0,1.0,-0.009803233429259936,-0.004546611501779206
0.0,0.007388056557150894,-0.013007286237157741,-0.07161148740394328,0.0005957872755710423,-0.000174588806290808
0.0,-0.004142897592163948,0.01159743510450166,-0.07161148740394328,0.0005957872755710423,-0.000174588806290808
0.0,0.006832865129841721,6.648095518681793e-05,-0.07161148740394328,0.0005957872755710423,-0.000174588806290808
0.0,-0.0053123867168350745,0.011042243677192486,-0.07161148740394328,0.0005957872755710423,-0.000174588806290808
0.0,-0.0005339094314614923,-0.001103008169484309,-0.07161148740394328,0.0005957872755710423,-0.000174588806290808
0.0,-0.002517441774108723,0.0036754691158892737,-0.07161148740394328,0.0005957872755710423,-0.000174588806290808
0.0,0.0,0.0,1.0,-0.007533474271980518,0.004895989581139849
0.0,0.007391072852219224,-0.010737527079878323,-0.07161148740394328,0.0005957872755710423,-0.000174588806290808
0.0,-0.006030602125055613,0.01160045139956999,-0.07161148740394328,0.0005957872755710423,-0.000174588806290808
0.0,0.0,0.0,1.0,-0.005530870906388282,0.0013828292301929586
0.0,-0.0016766176293251155,-0.008734923714286087,-0.07161148740394328,0.0005957872755710423,-0.000174588806290808
0.0,-0.005073148284068421,0.0025327609180256505,-0.07161148740394328,0.0005957872755710423,-0.000174588806290808
0.0,-0.0020542686058538347,-0.0008637697367176547,-0.07161148740394328,0.0005957872755710423,-0.000174588806290808
0.0,-0.0036146983924588813,0.0021551099414969313,-0.07161148740394328,0.0005957872755710423,-0.000174588806290808
0.0,0.0,0.0,1.0,-0.013416261124596297,0.0037987329627896904
0.0,0.0,0.0,1.0,-0.003910278170976204,-0.013416261124596297
0.0,0.0,0.0,1.0,-0.006181819935505224,-0.003910278170976204
0.0,0.0009638385670526078,-0.00938587274340303,-0.07161148740394328,0.0005957872755710423,-0.000174588806290808
0.0,-0.004192382894349914,0.005173217114403374,-0.07161148740394328,0.0005957872755710423,-0.000174588806290808
0.0,-0.0003620288696691114,1.699565300085186e-05,-0.07161148740394328,0.0005957872755710423,-0.000174588806290808
0.0,-0.006449660104052835,0.0038473496776816546,-0.07161148740394328,0.0005957872755710423,-0.000174588806290808
0.0,-0.0006624246922777638,-0.002240281556702069,-0.07161148740394328,0.0005957872755710423,-0.000174588806290808
0.0,-0.005365944470115045,0.0035469538550730022,-0.07161148740394328,0.0005957872755710423,-0.000174588806290808
0.0,-0.0065171767560473675,-0.0011565659227642795,-0.07161148740394328,0.0005957872755710423,-0.000174588806290808
0.0,-0.004071981351321082,-0.0023077982086966015,-0.07161148740394328,0.0005957872755710423,-0.000174588806290808
0.0,-0.0042639520409786386,0.00013739719602968428,-0.07161148740394328,0.0005957872755710423,-0.000174588806290808
0.0,0.015347239391924169,-5.457349362787255e-05,-0.07161148740394328,0.0005957872755710423,-0.000174588806290808
0.0,-0.006734323016866464,0.019556617939274934,-0.07161148740394328,0.0005957872755710423,-0.000174588806290808
0.0,0.0,0.0,1.0,-0.007760981888500421,0.0006791083383821073
0.0,-0.0035948071665814333,-0.010965034696398226,-0.07161148740394328,0.0005957872755710423,-0.000174588806290808
0.0,0.0,0.0,1.0,-0.004153961459873254,0.0038186241886671384
0.0,0.0,0.0,1.0,-0.017122579464743506,-0.004153961459873254
0.0,0.0,0.0,1.0,-0.004154790993364144,-0.017122579464743506
0.0,0.01137762622196559,-0.0073588438012619495,-0.07161148740394328,0.0005957872755710423,-0.000174588806290808
0.0,0.0,0.0,1.0,-0.001232714817324739,0.018791057577214162
0.0,0.0,0.0,1.0,-0.0156321157696647,-0.001232714817324739
0.0,0.013371710173788812,-0.018836168577562505,-0.07161148740394328,0.0005957872755710423,-0.000174588806290808
0.0,0.0,0.0,1.0,-0.003641131885023167,0.020785141529037383
0.0,0.014880183477761325,-0.006845184692920973,-0.07161148740394328,0.0005957872755710423,-0.000174588806290808
0.0,-0.0036501457882406226,0.01908956202511209,-0.07161148740394328,0.0005957872755710423,-0.000174588806290808
0.0,0.011086762865610191,0.0005592327591101435,-0.07161148740394328,0.0005957872755710423,-0.000174588806290808
0.0,-0.002874421542489133,0.015296141412960956,-0.07161148740394328,0.0005957872755710423,-0.000174588806290808
0.0,0.0005492045467441285,0.0013349570048616331,-0.07161148740394328,0.0005957872755710423,-0.000174588806290808
0.0,-0.0045392777552346626,0.0047585830940948945,-0.07161148740394328,0.0005957872755710423,-0.000174588806290808
0.0,-0.0063041146202575515,-0.000329899207883897,-0.07161148740394328,0.0005957872755710423,-0.000174588806290808
0.0,-0.0034912224368494373,-0.002094736072906786,-0.07161148740394328,0.0005957872755710423,-0.000174588806290808
0.0,-0.0010496537115954798,0.0007181561105013287,-0.07161148740394328,0.0005957872755710423,-0.000174588806290808
0.0,-0.0026865809631879357,0.003159724835755286,-0.07161148740394328,0.0005957872755710423,-0.000174588806290808
0.0,-0.0036703299283519586,0.0015227975841628303,-0.07161148740394328,0.0005957872755710423,-0.000174588806290808
0.0,0.0,0.0,1.0,-0.002863805093171662,0.003743101426896613
0.0,0.0,0.0,1.0,-0.0011063851062993798,-0.002863805093171662
0.0,0.004648726404532259,-0.004310437914197185,-0.07161148740394328,0.0005957872755710423,-0.000174588806290808
0.0,0.0,0.0,1.0,-0.0016999028526008648,0.01206215775978083
0.0,-0.006417655793293588,-0.00490395566049867,-0.07161148740394328,0.0005957872755710423,-0.000174588806290808
0.0,0.003694647401743953,-0.0022082772459428223,-0.07161148740394328,0.0005957872755710423,-0.000174588806290808
0.0,0.0008049497642217008,0.007904025949094718,-0.07161148740394328,0.0005957872755710423,-0.000174588806290808
0.0,0.004671127264293111,0.005014328311572467,-0.07161148740394328,0.0005957872755710423,-0.000174588806290808
0.0,0.0,0.0,1.0,-0.00354082606026052,0.012084558619541682
0.0,-0.005845447926357577,-0.006744878868158326,-0.07161148740394328,0.0005957872755710423,-0.000174588806290808
0.0,0.0,0.0,1.0,-0.0007992436024464295,0.001567983428890995
0.0,0.0,0.0,1.0,-0.002854564933105948,-0.0007992436024464295
0.0,0.004254598683502402,-0.006058617741003754,-0.07161148740394328,0.0005957872755710423,-0.000174588806290808
0.0,-0.005176358895626902,0.008463977230853167,-0.07161148740394328,0.0005957872755710423,-0.000174588806290808
0.0,-0.0018196398521022443,-0.0009669803482761363,-0.07161148740394328,0.0005957872755710423,-0.000174588806290808
0.0,0.0,0.0,1.0,-0.010931366187587284,0.005593791503146327
0.0,0.008405272683687348,-0.01413541899548509,-0.07161148740394328,0.0005957872755710423,-0.000174588806290808
0.0,0.0038581708671843896,0.012614651231038113,-0.07161148740394328,0.0005957872755710423,-0.000174588806290808
0.0,-0.0020037612706177215,0.008067549414535156,-0.07161148740394328,0.0005957872755710423,-0.000174588806290808
0.0,-0.006109974747120512,0.0022056172767330445,-0.07161148740394328,0.0005957872755710423,-0.000174588806290808
0.0,-0.0003852499071102366,-0.0019005961997697462,-0.07161148740394328,0.0005957872755710423,-0.000174588806290808
0.0,0.005393234384016985,0.0038241286402405294,-0.07161148740394328,0.0005957872755710423,-0.000174588806290808
0.0,0.01194271565972855,0.00960261293136775,-0.07161148740394328,0.0005957872755710423,-0.000174588806290808
0.0,0.006830561615231932,0.016152094207079314,-0.07161148740394328,0.0005957872755710423,-0.000174588806290808
0.0,0.00011519421626017459,0.011039940162582699,-0.07161148740394328,0.0005957872755710423,-0.000174588806290808
0.0,0.0053096232725323884,0.004324572763610941,-0.07161148740394328,0.0005957872755710423,-0.000174588806290808
0.0,0.004278905060747601,0.009519001819883154,-0.07161148740394328,0.0005957872755710423,-0.000174588806290808
0.0,-0.0011546441637261297,0.008488283608098366,-0.07161148740394328,0.0005957872755710423,-0.000174588806290808
0.0,0.0028273151725501534,0.0030547343836246363,-0.07161148740394328,0.0005957872755710423,-0.000174588806290808
0.0,0.003118830976133571,0.007036693719900919,-0.07161148740394328,0.0005957872755710423,-0.000174588806290808
0.0,-0.0027916536284234026,0.007328209523484337,-0.07161148740394328,0.0005957872755710423,-0.000174588806290808
0.0,0.0,0.0,1.0,-0.0004376401080687948,0.004621777726825169
0.0,-0.0034129205515743425,-0.0036416929159666005,-0.07161148740394328,0.0005957872755710423,-0.000174588806290808
0.0,0.0,0.0,1.0,-0.005653307199365137,0.004000510803674229
0.0,0.0,0.0,1.0,-0.009236422712085945,-0.005653307199365137
0.0,-0.0028637227995712425,-0.01244047551998375,-0.07161148740394328,0.0005957872755710423,-0.000174588806290808
0.0,-0.0008297380193724264,0.0013456557477795235,-0.07161148740394328,0.0005957872755710423,-0.000174588806290808
0.0,-0.001377644990782999,0.0033796405279783396,-0.07161148740394328,0.0005957872755710423,-0.000174588806290808
0.0,-0.0004347883889861048,0.002831733556567767,-0.07161148740394328,0.0005957872755710423,-0.000174588806290808
0.0,0.0,0.0,1.0,-0.012657691146063256,0.006978642966262467
0.0,-0.00023782910879919118,-0.01586174395396106,-0.07161148740394328,0.0005957872755710423,-0.000174588806290808
0.0,0.006422007061923132,0.003971549438551575,-0.07161148740394328,0.0005957872755710423,-0.000174588806290808
0.0,0.00503606637290524,0.010631385609273899,-0.07161148740394328,0.0005957872755710423,-0.000174588806290808
0.0,0.0050923797101579266,0.009245444920256005,-0.07161148740394328,0.0005957872755710423,-0.000174588806290808
0.0,0.0003211939484351412,0.009301758257508692,-0.07161148740394328,0.0005957872755710423,-0.000174588806290808
0.0,-0.0005668740966821252,0.004530572495785907,-0.07161148740394328,0.0005957872755710423,-0.000174588806290808
0.0,-0.00460802259362183,0.003642504450668641,-0.07161148740394328,0.0005957872755710423,-0.000174588806290808
0.0,-0.0014603994404137777,-0.0003986440462710643,-0.07161148740394328,0.0005957872755710423,-0.000174588806290808
0.0,0.0,0.0,1.0,-0.005199628394034139,0.005953031914834794
0.0,0.004700394898439698,-0.008403681201931945,-0.07161148740394328,0.0005957872755710423,-0.000174588806290808
0.0,0.0,0.0,1.0,-0.0025695810034235076,0.01211382625368827
0.0,-0.0014928715017726761,-0.005773633811321313,-0.07161148740394328,0.0005957872755710423,-0.000174588806290808
0.0,0.005941251208115601,0.00271650704557809,-0.07161148740394328,0.0005957872755710423,-0.000174588806290808
0.0,0.004751550274722804,0.010150629755466368,-0.07161148740394328,0.0005957872755710423,-0.000174588806290808
0.0,0.017084602962453677,0.008960928822073569,-0.07161148740394328,0.0005957872755710423,-0.000174588806290808
0.0,0.0,0.0,1.0,-0.007186962400212725,0.02449803431770225
0.0,0.0,0.0,1.0,-0.003730202186336027,-0.007186962400212725
0.0,0.0035413996420756867,-0.006934254994233833,-0.07161148740394328,0.0005957872755710423,-0.000174588806290808
0.0,0.0,0.0,1.0,-0.006147659699491541,0.010954830997324258
0.0,0.0,0.0,1.0,-0.006056612699993857,-0.006147659699491541
0.0,-0.002095413243825656,-0.009260665507891664,-0.07161148740394328,0.0005957872755710423,-0.000174588806290808
0.0,0.0,0.0,1.0,-0.009078645130710765,0.005318018111422916
0.0,-0.005520618891385887,-0.012282697938608571,-0.07161148740394328,0.0005957872755710423,-0.000174588806290808
0.0,-0.0026732892506675255,-0.0013112403440351205,-0.07161148740394328,0.0005957872755710423,-0.000174588806290808
0.0,-0.0034329520476838564,0.0015360892966832405,-0.07161148740394328,0.0005957872755710423,-0.000174588806290808
0.0,-0.0026108575002026626,0.0007764264996669096,-0.07161148740394328,0.0005957872755710423,-0.000174588806290808
0.0,0.0,0.0,1.0,-0.0025383640285243604,0.004802573855045909
0.0,-0.006317974000505805,-0.005742416836422166,-0.07161148740394328,0.0005957872755710423,-0.000174588806290808
0.0,0.0,0.0,1.0,-0.0016297248543406817,0.0010954573547427668
0.0,0.0,0.0,1.0,-0.041954999335415764,-0.0016297248543406817
0.0,0.0,0.0,1.0,-0.004276478016052366,-0.041954999335415764
0.0,0.0,0.0,1.0,-0.009476851869490219,-0.004276478016052366
0.0,0.0,0.0,1.0,-0.0033688534633913333,-0.009476851869490219
0.0,0.0,0.0,1.0,-0.0017945986715007408,-0.0033688534633913333
0.0,0.0010067968553052267,-0.004998651479398547,-0.07161148740394328,0.0005957872755710423,-0.000174588806290808
0.0,-0.004540664527517048,0.005216175402655993,-0.07161148740394328,0.0005957872755710423,-0.000174588806290808
0.0,-0.0051376394566746,-0.0003312859801662821,-0.07161148740394328,0.0005957872755710423,-0.000174588806290808
0.0,-0.004320543362912022,-0.0009282609093238347,-0.07161148740394328,0.0005957872755710423,-0.000174588806290808
0.0,0.0,0.0,1.0,-0.0022543884523161532,0.0030928879923365496
0.0,0.0,0.0,1.0,-0.00758314894506695,-0.0022543884523161532
0.0,0.0004026689225695018,-0.010787201752964756,-0.07161148740394328,0.0005957872755710423,-0.000174588806290808
0.0,0.0,0.0,1.0,-0.00836135421276699,0.007816100277818074
0.0,0.0,0.0,1.0,-0.007206601879711147,-0.00836135421276699
0.0,-0.006882062042517517,-0.010410654687608953,-0.07161148740394328,0.0005957872755710423,-0.000174588806290808
0.0,0.0009248020533912382,-0.002672683495166751,-0.07161148740394328,0.0005957872755710423,-0.000174588806290808
0.0,0.0,0.0,1.0,-0.000633569076567662,0.00833823340863981
0.0,0.0,0.0,1.0,-0.0064609076969311474,-0.000633569076567662
0.0,0.0,0.0,1.0,-0.0005437041542862479,-0.0064609076969311474
0.0,-0.005031981918523075,-0.0037477569621840534,-0.07161148740394328,0.0005957872755710423,-0.000174588806290808
0.0,0.0,0.0,1.0,-0.0007013874578921352,0.0023814494367254972
0.0,0.00021572030756699875,-0.003905440265789941,-0.07161148740394328,0.0005957872755710423,-0.000174588806290808
0.0,0.004840212618228241,0.004425098854917765,-0.07161148740394328,0.0005957872755710423,-0.000174588806290808
0.0,-0.003135976832595792,0.009049591165579008,-0.07161148740394328,0.0005957872755710423,-0.000174588806290808
0.0,0.011989156051128037,0.0010734017147549738,-0.07161148740394328,0.0005957872755710423,-0.000174588806290808
0.0,-7.985583985471289e-05,0.016198534598478802,-0.07161148740394328,0.0005957872755710423,-0.000174588806290808
0.0,0.0064702376822352355,0.004129522707496053,-0.07161148740394328,0.0005957872755710423,-0.000174588806290808
0.0,0.0009556260866364734,0.010679616229586002,-0.07161148740394328,0.0005957872755710423,-0.000174588806290808
0.0,7.815010057503954e-05,0.005165004633987239,-0.07161148740394328,0.0005957872755710423,-0.000174588806290808
0.0,0.0,0.0,1.0,-0.008506575853863574,0.007491581455823611
0.0,0.0,0.0,1.0,-0.007761944453568943,-0.008506575853863574
0.0,0.0,0.0,1.0,-0.0005917560723536802,-0.007761944453568943
0.0,0.001000277151364819,-0.0037958088802514858,-0.07161148740394328,0.0005957872755710423,-0.000174588806290808
0.0,-0.0010875366581703906,0.005209655698715585,-0.07161148740394328,0.0005957872755710423,-0.000174588806290808
0.0,-0.005765521920393205,0.0031218418891803754,-0.07161148740394328,0.0005957872755710423,-0.000174588806290808
0.0,8.441603695173196e-05,-0.0015561433730424397,-0.07161148740394328,0.0005957872755710423,-0.000174588806290808
0.0,0.004636874362569196,0.004293794584302498,-0.07161148740394328,0.0005957872755710423,-0.000174588806290808
0.0,-0.002100479568325983,0.008846252909919961,-0.07161148740394328,0.0005957872755710423,-0.000174588806290808
0.0,-0.0015955501131468732,0.002108898979024783,-0.07161148740394328,0.0005957872755710423,-0.000174588806290808
0.0,-0.0031952702976512466,0.002613828434203893,-0.07161148740394328,0.0005957872755710423,-0.000174588806290808
0.0,-0.004731659290628397,0.0010141082496995194,-0.07161148740394328,0.0005957872755710423,-0.000174588806290808
0.0,0.0,0.0,1.0,-0.003643301729930638,0.0026817720646201745
0.0,0.0,0.0,1.0,-0.006853462322694657,-0.003643301729930638
0.0,-0.0012755153618706728,-0.010057515130592463,-0.07161148740394328,0.0005957872755710423,-0.000174588806290808
0.0,0.003617963683677998,0.002933863185480093,-0.07161148740394328,0.0005957872755710423,-0.000174588806290808
0.0,-0.0048313683848771665,0.007827342231028763,-0.07161148740394328,0.0005957872755710423,-0.000174588806290808
0.0,-0.006634343379059656,-0.0006219898375264005,-0.07161148740394328,0.0005957872755710423,-0.000174588806290808
0.0,0.0,0.0,1.0,-0.012698523701919765,0.0007790879761889152
0.0,0.0,0.0,1.0,-0.013155998384644438,-0.012698523701919765
0.0,0.007079329491767388,-0.016360051192542243,-0.07161148740394328,0.0005957872755710423,-0.000174588806290808
0.0,0.0,0.0,1.0,-0.0019480975709457741,0.01449276084701596
0.0,0.0,0.0,1.0,-0.024856327356039463,-0.0019480975709457741
0.0,0.01850407324628346,-0.02806038016393727,-0.07161148740394328,0.0005957872755710423,-0.000174588806290808
0.0,-0.0063963075569627775,0.022713451793634227,-0.07161148740394328,0.0005957872755710423,-0.000174588806290808
0.0,0.0,0.0,1.0,-0.008141503479384181,0.0010171237982857942
0.0,0.0,0.0,1.0,-0.03804270790690022,-0.008141503479384181
0.0,0.006163961535953446,-0.04124676071479802,-0.07161148740394328,0.0005957872755710423,-0.000174588806290808
0.0,0.0,0.0,1.0,-0.0044172215727139455,0.013577392891202017
0.0,0.005264437133118246,-0.007621274380611751,-0.07161148740394328,0.0005957872755710423,-0.000174588806290808
0.0,0.0,0.0,1.0,-0.002873793573895064,0.012677868488366818
0.0,0.0,0.0,1.0,-0.0023026270881779196,-0.002873793573895064
0.0,0.0,0.0,1.0,-0.003705680201623008,-0.0023026270881779196
0.0,-0.006134611491320325,-0.006909733009520814,-0.07161148740394328,0.0005957872755710423,-0.000174588806290808
0.0,0.006553320135437564,-0.001925232943969559,-0.07161148740394328,0.0005957872755710423,-0.000174588806290808
0.0,0.0,0.0,1.0,-0.0024094622875812806,0.013966751490686135
0.0,-0.004770131665433368,-0.005613515095479086,-0.07161148740394328,0.0005957872755710423,-0.000174588806290808
0.0,-0.00039406837258278496,-0.0005607531180826016,-0.07161148740394328,0.0005957872755710423,-0.000174588806290808
0.0,0.0052883496299342015,0.003815310174767981,-0.07161148740394328,0.0005957872755710423,-0.000174588806290808
0.0,0.0,0.0,1.0,-0.0009150820553047998,0.012701780985182773
0.0,0.0,0.0,1.0,-0.00797042310301762,-0.0009150820553047998
0.0,-0.007410457831504109,-0.011174475910915426,-0.07161148740394328,0.0005957872755710423,-0.000174588806290808
0.0,0.0,0.0,1.0,-0.0005699236896958788,2.9735237444628867e-06
0.0,0.0,0.0,1.0,-0.00889736713701441,-0.0005699236896958788
0.0,-0.00041445551019568885,-0.012101419944912217,-0.07161148740394328,0.0005957872755710423,-0.000174588806290808
0.0,-0.000601222939729168,0.003794923037155077,-0.07161148740394328,0.0005957872755710423,-0.000174588806290808
0.0,0.012770429747651666,0.003608155607621598,-0.07161148740394328,0.0005957872755710423,-0.000174588806290808
0.0,-0.002643008557058499,0.01697980829500243,-0.07161148740394328,0.0005957872755710423,-0.000174588806290808
0.0,0.0,0.0,1.0,-0.0035471099334483747,0.004770422798190073
0.0,0.0,0.0,1.0,-0.007284705500392249,-0.0035471099334483747
0.0,-0.0033764203105314,-0.010488758308290054,-0.07161148740394328,0.0005957872755710423,-0.000174588806290808
0.0,0.0,0.0,1.0,-0.004343604779952651,0.004037011044717172
0.0,-0.0013966023443862385,-0.007547657587850457,-0.07161148740394328,0.0005957872755710423,-0.000174588806290808
0.0,0.0,0.0,1.0,-0.0026538510117202142,0.006016829010862333
0.0,-0.006414376066587575,-0.00585790381961802,-0.07161148740394328,0.0005957872755710423,-0.000174588806290808
0.0,-0.006472571270498462,-0.002204997519236809,-0.07161148740394328,0.0005957872755710423,-0.000174588806290808
0.0,0.0,0.0,1.0,-0.005362849506549155,0.00094086008475011
0.0,0.0,0.0,1.0,-0.011076634241747178,-0.005362849506549155
0.0,0.005161385630231868,-0.014280687049644983,-0.07161148740394328,0.0005957872755710423,-0.000174588806290808
0.0,-0.0009699870201505473,0.009370764177582633,-0.07161148740394328,0.0005957872755710423,-0.000174588806290808
0.0,0.0,0.0,1.0,-0.0048823237271464785,0.006443444335098024
0.0,0.0,0.0,1.0,-0.008434758545691009,-0.0048823237271464785
0.0,0.010339878907594354,-0.011638811353588813,-0.07161148740394328,0.0005957872755710423,-0.000174588806290808
0.0,0.0,0.0,1.0,-0.0016053333435961286,0.017753310262842926
